run_id,run_started_utc,date_utc,trigger,service,model,calls,failed_calls,input_tokens,output_tokens,cost_usd,cost_source,posts_processed,planets_published,storage_bytes,class_a_ops,class_b_ops,list_price_usd,retried_calls,final_failures
37780964812,2026-10-08T13:00:25Z,2026-10-08,push,deepinfra,meta-llama/Llama-3.3-70B-Instruct-Turbo,1080,1,528857,152415,0.101658500000000001872,reported,10000,101,0,0,0,0.101658500000000001872,0,0
37780964812,2026-10-08T13:00:25Z,2026-10-08,push,cloudflare-r2,r2-standard,3,0,0,0,0,computed,10000,101,14356480,1,2,0.00001239824,0,0
37781464985,2026-10-08T13:23:22Z,2026-10-08,push,deepinfra,meta-llama/Llama-3.3-70B-Instruct-Turbo,1060,2,509464,150152,0.098995040000000001899,reported,10000,102,0,0,0,0.098995040000000001899,0,0
37781464985,2026-10-08T13:23:22Z,2026-10-08,push,cloudflare-r2,r2-standard,3,0,0,0,0,computed,10000,102,14356480,1,2,0.00001239824,0,0
37789244791,2026-10-08T14:03:09Z,2026-10-08,push,deepinfra,meta-llama/Llama-3.3-70B-Instruct-Turbo,1025,0,496943,145686,0.09631382,reported,10000,101,0,0,0,0.09631382,0,0
37789244791,2026-10-08T14:03:09Z,2026-10-08,push,cloudflare-r2,r2-standard,3,0,0,0,0,computed,10000,101,14356480,1,2,0.0000124,0,0
37853153723,2026-10-08T22:23:35Z,2026-10-08,push,deepinfra,meta-llama/Llama-3.3-70B-Instruct-Turbo,1071,4,555451,146631,0.10246702,reported,10000,102,0,0,0,0.10246702,0,0
37853153723,2026-10-08T22:23:35Z,2026-10-08,push,cloudflare-r2,r2-standard,3,0,0,0,0,computed,10000,102,14356480,1,2,0.0000124,0,0
37934685683,2026-10-09T13:08:13Z,2026-10-09,workflow_dispatch,deepinfra,meta-llama/Llama-3.3-70B-Instruct-Turbo,1244,3,664308,158681,0.11720872,reported,10000,102,0,0,0,0.11720872,0,0
37934685683,2026-10-09T13:08:13Z,2026-10-09,workflow_dispatch,typesafe-jev,jev-1.13.0,1428,0,946951,171360,0.03977194,computed,10000,102,0,0,0,0.03977194,0,0
37934685683,2026-10-09T13:08:13Z,2026-10-09,workflow_dispatch,cloudflare-r2,r2-standard,3,0,0,0,0,computed,10000,102,14356480,1,2,0.0000124,0,0
37939712034,2026-10-09T13:50:28Z,2026-10-09,push,deepinfra,meta-llama/Llama-3.3-70B-Instruct-Turbo,1161,0,587038,127715,0.0995726,reported,9832,108,0,0,0,0.0995726,0,0
37939712034,2026-10-09T13:50:28Z,2026-10-09,push,cloudflare-r2,r2-standard,3,0,0,0,0,computed,9832,108,14356480,1,2,0.0000124,0,0
37942713535,2026-10-09T14:14:49Z,2026-10-09,push,deepinfra,meta-llama/Llama-3.3-70B-Instruct-Turbo,1187,0,590769,129814,0.10061738,reported,9832,108,0,0,0,0.10061738,0,0
37942713535,2026-10-09T14:14:49Z,2026-10-09,push,cloudflare-r2,r2-standard,3,0,0,0,0,computed,9832,108,14356480,1,2,0.0000124,0,0
37945033853,2026-10-09T14:33:23Z,2026-10-09,push,deepinfra,meta-llama/Llama-3.3-70B-Instruct-Turbo,1166,0,588499,130418,0.10058366,reported,9832,108,0,0,0,0.10058366,0,0
37945033853,2026-10-09T14:33:23Z,2026-10-09,push,cloudflare-r2,r2-standard,3,0,0,0,0,computed,9832,108,14356480,1,2,0.0000124,0,0
37946621071,2026-10-09T14:52:01Z,2026-10-09,push,deepinfra,meta-llama/Llama-3.3-70B-Instruct-Turbo,947,86,442195,87654,0.07226878,reported,9832,100,0,0,0,0.07226878,0,0
37946621071,2026-10-09T14:52:01Z,2026-10-09,push,cloudflare-r2,r2-standard,3,0,0,0,0,computed,9832,100,14356480,1,2,0.0000124,0,0
37954827855,2026-10-09T15:51:41Z,2026-10-09,workflow_dispatch,deepinfra,meta-llama/Llama-3.3-70B-Instruct-Turbo,1172,8,592375,125634,0.09944038,reported,9832,107,0,0,0,0.09944038,0,0
37954827855,2026-10-09T15:51:41Z,2026-10-09,workflow_dispatch,cloudflare-r2,r2-standard,3,0,0,0,0,computed,9832,107,14356480,1,2,0.0000124,0,0
38052773565,2026-10-10T12:39:57Z,2026-10-10,schedule,deepinfra,meta-llama/Llama-3.3-70B-Instruct-Turbo,1205,0,617567,138293,0.10601046,reported,9874,110,0,0,0,0.10601046,0,0
38052773565,2026-10-10T12:39:57Z,2026-10-10,schedule,typesafe-jev,jev-1.13.0,7232,0,4796952,867840,0.20147198,computed,9874,110,0,0,0,0.20147198,0,0
38052773565,2026-10-10T12:39:57Z,2026-10-10,schedule,cloudflare-r2,r2-standard,3,0,0,0,0,computed,9874,110,14356480,1,2,0.0000124,0,0
38066451782,2026-10-10T16:08:47Z,2026-10-10,push,deepinfra,meta-llama/Llama-3.3-70B-Instruct-Turbo,1274,15,640620,141014,0.10918648,reported,9874,110,0,0,0,0.10918648,15,0
38066451782,2026-10-10T16:08:47Z,2026-10-10,push,cloudflare-r2,r2-standard,3,0,0,0,0,computed,9874,110,14356480,1,2,0.0000124,0,0
38067170954,2026-10-10T16:30:38Z,2026-10-10,push,deepinfra,meta-llama/Llama-3.3-70B-Instruct-Turbo,1203,7,635470,134770,0.1066734,reported,9874,110,0,0,0,0.1066734,7,0
38067170954,2026-10-10T16:30:38Z,2026-10-10,push,cloudflare-r2,r2-standard,3,0,0,0,0,computed,9874,110,14356480,1,2,0.0000124,0,0
